{
  "analytics_storage_type": "redis",
  "analytics_storage_config": {
    "type": "redis",
    "host": "redis",
    "port": 6379,
    "optimisation_max_idle": 100,
    "optimisation_max_active": 200,
    "enable_cluster": false
  },
  "purge_delay": 5,
  "pumps": {
    "elasticsearch": {
      "type": "elasticsearch",
      "meta": {
        "index_name": "tyk_analytics",
        "elasticsearch_url": "http://elasticsearch:9200",
        "enable_sniffing": false,
        "document_type": "tyk_analytics",
        "rolling_index": false,
        "extended_stats": false,
        "version": "6"
      }
    }
  },
  "dont_purge_uptime_data": true
}
